address_id, street, unit, city, state, zipcode
1,27 Longwood Ave,4,Brookline,MA,02446
2,133 Peterborough St,2,Boston,MA,02215
3,25 Longwood Ave,1,Brookline,MA,02446
4,25 Longwood Ave,1,Brookline,MA,02446
9,Peterborough,1,Boston,MA,02215
6,65 Alphanso St,2,Boston,MA,02108
7,27 Longwood Ave,4,Brookline,MA,02446
7,27 Longwood Ave,4,Brookline,MA,02446
11,sgdgsgs,gdh,gddgf,dhd,34
46,27 Longwood Ave,1,Boston,MA,02446
21,asf,2,af,asf,00324
12,saf,13,sad,sf,13
49,25 Longwood Ave,1,Brookline,MA,02446
50,sad,asd,das,sda,123